index,weight
0,2.4557575757575756
1,0.6645454545454546
2,-0.33030303030303015
