feature,information_gain,gain_ratio
outlook,0.24674981977443933,0.15642756242117528
temperature,0.02922256565895487,0.018772646222418813
humidity,0.15183550136234159,0.15183550136234159
windy,0.04812703040826949,0.048848615511520824
