index,weight
0,0.9777777777777774
1,0.3499999999999999
2,0.4666666666666666
3,0.0833333333333332
4,0.04999999999999993
5,-0.06666666666666628
