metric,value
entropy,0.9402859586706311
gini,0.4591836734693877
