sample_index,probability,pred_label
0,0.16171875077523945,0
1,0.3644274173942447,0
2,0.341957278507953,0
3,0.6413235034629121,1
4,0.8875846035387033,1
5,0.9179022781232138,1
6,0.736863387257687,1
7,0.9889519042340066,1
8,0.9611462233377267,1
9,0.998124655841656,1
