metric,value
mae,0.3399999999999999
mse,0.14599999999999994
rmse,0.38209946349085594
r2,0.9817682317682318
