sample_index,pred_label,prob_A,prob_B,prob_C
0,A,0.9722816309084334,0.025762270593266093,0.001956098498300467
1,A,0.9643981235928607,0.028067421523590014,0.007534454883549311
2,A,0.8485680627378174,0.13047402199100774,0.020957915271174965
3,B,0.0728519762224772,0.8940830855978387,0.033064938179684214
4,B,0.08805553552905852,0.7668404220597457,0.1451040424111958
5,B,0.01778818494144016,0.9663339711494089,0.015877843909150768
6,C,0.027006246285880848,0.09131160418150598,0.8816821495326131
7,C,0.005886314550054605,0.08107486790162487,0.9130388175483205
8,C,0.002995228587563228,0.01584565151573712,0.9811591198966998
